<?xml version="1.0" encoding="UTF-8"?>
<office:document-meta xmlns:office="urn:oasis:names:tc:opendocument:xmlns:office:1.0" xmlns:xlink="http://www.w3.org/1999/xlink" xmlns:dc="http://purl.org/dc/elements/1.1/" xmlns:meta="urn:oasis:names:tc:opendocument:xmlns:meta:1.0" xmlns:ooo="http://openoffice.org/2004/office" xmlns:grddl="http://www.w3.org/2003/g/data-view#" xmlns:textooo="http://openoffice.org/2013/office" office:version="1.2"><office:meta><meta:initial-creator>sinn3r </meta:initial-creator><meta:creation-date>2017-02-06T15:15:47.35</meta:creation-date><dc:date>2017-02-06T15:21:59.64</dc:date><dc:creator>sinn3r </dc:creator><meta:editing-duration>PT4M16S</meta:editing-duration><meta:editing-cycles>2</meta:editing-cycles><meta:generator>OpenOffice/4.1.3$Win32 OpenOffice.org_project/413m1$Build-9783</meta:generator><meta:document-statistic meta:table-count="0" meta:image-count="0" meta:object-count="0" meta:page-count="1" meta:paragraph-count="0" meta:word-count="0" meta:character-count="0"/></office:meta></office:document-meta>